{"cameraMode":{"drawMode":0,"name":"Shaded","section":"Shading Mode"},"sceneLighting":false,"audioPlay":false,"sceneViewState":{"m_AlwaysRefresh":false,"showFog":true,"showSkybox":false,"showFlares":true,"showImageEffects":true,"showParticleSystems":true,"showVisualEffectGraphs":true,"m_FxEnabled":true},"in2DMode":false,"pivot":{"x":-0.11229568719863892,"y":0.2722043991088867,"z":-0.06791657209396362},"rotation":{"x":-0.342868834733963,"y":0.4583984911441803,"z":-0.19749820232391358,"w":-0.7958093881607056},"size":1.2329132556915284,"orthographic":false}