{"cameraMode":{"drawMode":0,"name":"Shaded","section":"Shading Mode"},"sceneLighting":false,"audioPlay":false,"sceneViewState":{"m_AlwaysRefresh":false,"showFog":true,"showSkybox":false,"showFlares":true,"showImageEffects":true,"showParticleSystems":true,"showVisualEffectGraphs":true,"m_FxEnabled":true},"in2DMode":false,"pivot":{"x":0.10861778259277344,"y":-0.17664819955825807,"z":-2.455622673034668},"rotation":{"x":-0.15623363852500916,"y":0.755262553691864,"z":-0.19470946490764619,"w":-0.6060181856155396},"size":0.8746855854988098,"orthographic":false}