{"cameraMode":{"drawMode":0,"name":"Shaded","section":"Shading Mode"},"sceneLighting":false,"audioPlay":false,"sceneViewState":{"m_AlwaysRefresh":false,"showFog":true,"showSkybox":false,"showFlares":true,"showImageEffects":true,"showParticleSystems":true,"showVisualEffectGraphs":true,"m_FxEnabled":true},"in2DMode":false,"pivot":{"x":0.2507442831993103,"y":0.3174175024032593,"z":0.24052226543426515},"rotation":{"x":-0.3624561131000519,"y":0.21033620834350587,"z":-0.08433088660240174,"w":-0.9040341377258301},"size":1.2329132556915284,"orthographic":false}