{"cameraMode":{"drawMode":0,"name":"Shaded","section":"Shading Mode"},"sceneLighting":false,"audioPlay":false,"sceneViewState":{"m_AlwaysRefresh":false,"showFog":true,"showSkybox":false,"showFlares":true,"showImageEffects":true,"showParticleSystems":true,"showVisualEffectGraphs":true,"m_FxEnabled":true},"in2DMode":false,"pivot":{"x":0.5223432183265686,"y":0.05360090732574463,"z":-0.3114783763885498},"rotation":{"x":0.005924671422690153,"y":0.9695327877998352,"z":-0.24375472962856294,"w":0.023565318435430528},"size":0.8746857047080994,"orthographic":false}