{"cameraMode":{"drawMode":0,"name":"Shaded","section":"Shading Mode"},"sceneLighting":false,"audioPlay":false,"sceneViewState":{"m_AlwaysRefresh":false,"showFog":true,"showSkybox":false,"showFlares":true,"showImageEffects":true,"showParticleSystems":true,"showVisualEffectGraphs":true,"m_FxEnabled":true},"in2DMode":false,"pivot":{"x":-0.7447390556335449,"y":0.7669286727905273,"z":0.3086278438568115},"rotation":{"x":0.022636836394667627,"y":0.973727822303772,"z":-0.1971914917230606,"w":0.11178542673587799},"size":0.5746859312057495,"orthographic":false}