{"cameraMode":{"drawMode":0,"name":"Shaded","section":"Shading Mode"},"sceneLighting":false,"audioPlay":false,"sceneViewState":{"m_AlwaysRefresh":false,"showFog":true,"showSkybox":false,"showFlares":true,"showImageEffects":true,"showParticleSystems":true,"showVisualEffectGraphs":true,"m_FxEnabled":true},"in2DMode":false,"pivot":{"x":1.0924471616744996,"y":-0.43195950984954836,"z":-0.4753619432449341},"rotation":{"x":0.06695891171693802,"y":0.9327403903007507,"z":-0.2629781663417816,"w":0.23747144639492036},"size":2.374685525894165,"orthographic":false}