{"cameraMode":{"drawMode":0,"name":"Shaded","section":"Shading Mode"},"sceneLighting":false,"audioPlay":false,"sceneViewState":{"m_AlwaysRefresh":false,"showFog":true,"showSkybox":false,"showFlares":true,"showImageEffects":true,"showParticleSystems":true,"showVisualEffectGraphs":true,"m_FxEnabled":true},"in2DMode":false,"pivot":{"x":0.18397891521453858,"y":0.37502050399780276,"z":-0.024888038635253907},"rotation":{"x":-0.34353551268577578,"y":0.3063313066959381,"z":-0.11962976306676865,"w":-0.8796811699867249},"size":1.2329132556915284,"orthographic":false}