{"cameraMode":{"drawMode":0,"name":"Shaded","section":"Shading Mode"},"sceneLighting":false,"audioPlay":false,"sceneViewState":{"m_AlwaysRefresh":false,"showFog":true,"showSkybox":false,"showFlares":true,"showImageEffects":true,"showParticleSystems":true,"showVisualEffectGraphs":true,"m_FxEnabled":true},"in2DMode":false,"pivot":{"x":-0.6092171669006348,"y":0.7688736915588379,"z":0.09697408974170685},"rotation":{"x":-0.058303967118263248,"y":0.6939066648483276,"z":-0.056545112282037738,"w":-0.7154728174209595},"size":1.4746856689453126,"orthographic":false}