{"cameraMode":{"drawMode":0,"name":"Shaded","section":"Shading Mode"},"sceneLighting":false,"audioPlay":false,"sceneViewState":{"m_AlwaysRefresh":false,"showFog":true,"showSkybox":false,"showFlares":true,"showImageEffects":true,"showParticleSystems":true,"showVisualEffectGraphs":true,"m_FxEnabled":true},"in2DMode":false,"pivot":{"x":1.4875073432922364,"y":0.46849358081817629,"z":-0.9739640951156616},"rotation":{"x":-0.10972394794225693,"y":0.872303307056427,"z":-0.22907447814941407,"w":-0.41782546043395998},"size":1.4746856689453126,"orthographic":false}