{"cameraMode":{"drawMode":0,"name":"Shaded","section":"Shading Mode"},"sceneLighting":false,"audioPlay":false,"sceneViewState":{"m_AlwaysRefresh":false,"showFog":true,"showSkybox":false,"showFlares":true,"showImageEffects":true,"showParticleSystems":true,"showVisualEffectGraphs":true,"m_FxEnabled":true},"in2DMode":false,"pivot":{"x":-0.029924988746643068,"y":-0.845623254776001,"z":0.587090253829956},"rotation":{"x":-0.25100046396255495,"y":0.22878849506378175,"z":-0.06120022013783455,"w":-0.9385989308357239},"size":2.132913112640381,"orthographic":false}