{"cameraMode":{"drawMode":0,"name":"Shaded","section":"Shading Mode"},"sceneLighting":false,"audioPlay":false,"sceneViewState":{"m_AlwaysRefresh":false,"showFog":true,"showSkybox":false,"showFlares":true,"showImageEffects":true,"showParticleSystems":true,"showVisualEffectGraphs":true,"m_FxEnabled":true},"in2DMode":false,"pivot":{"x":-0.03875458240509033,"y":0.14809995889663697,"z":-0.11509919166564942},"rotation":{"x":-0.12998877465724946,"y":0.16926749050617219,"z":-0.022535506635904313,"w":-0.9767279624938965},"size":1.8329131603240967,"orthographic":false}